Workbook

Sheet Sheet1
A1: Sample ID | B1: PP | C1: Treatment | D1: Depth ( cm) | E1: Replicate | F1: Flushing Time with Zero Air ( min) | G1: CO2 at the end of the flushing Li-830 (μmol mol-1) | H1: CO2 after 1 Hour _ GC (ppm) | I1: CO2 after 1 Day_GC (ppm) | J1: CO2 after 7 Days_ GC (ppm) | K1: CO2 after 14 Days_ GC (ppm) | L1: Target CO2 (ppm) | M1: Difference (ppm) | N1: subsamples (ml)
A2: B1 | B2: 1 | C2: Control | D2: 0-10 | E2: A | F2: 3 | G2: 3.35 | H2: 178.5822 | I2: 766.86295 | J2: 4661.5205 | K2: 7750.8148 | L2: 10019 | M2: =L2-K2 -> 2268.1852 | N2: 240
A3: B2 | B3: 1 | C3: Control | D3: 0-10 | E3: B | F3: 3 | G3: 7.3 | H3: 215.94362 | I3: 516.02797 | J3: 4409.9404 | K3: 7521.8642 | L3: 10019 | M3: =L3-J3 -> 5609.0596 | N3: 240
A4: B5 | B4: 2 | C4: Control | D4: 0-10 | E4: A | F4: 3 | G4: 9.2 | H4: 322.27316 | I4: 630.44367 | J4: 3076.7381 | K4: 5620.3585 | L4: 10019 | M4: =L4-J4 -> 6942.2619 | N4: 240
A5: B6 | B5: 2 | C5: Control | D5: 0-10 | E5: B | F5: 3 | G5: 13.43 | H5: 348.77724 | I5: 662.50994 | J5: 3065.9316 | K5: 5624.8571 | L5: 10019 | M5: =L5-J5 -> 6953.0684 | N5: 240
A6: B9 | B6: 3 | C6: Control | D6: 0-10 | E6: A | F6: 3 | G6: 9 | H6: 319.46959 | I6: 520.07088 | J6: 1889.3167 | K6: 3450.8758 | L6: 10019 | M6: =L6-J6 -> 8129.6833 | N6: 240
A7: B10 | B7: 3 | C7: Control | D7: 0-10 | E7: B | F7: 3 | G7: 8.81 | H7: 291.32156 | I7: 490.77395 | J7: 1597.1296 | K7: 2918.4228 | L7: 10019 | M7: =L7-J7 -> 8421.8704 | N7: 240
A8: B13 | B8: 4 | C8: Control | D8: 0-10 | E8: A | F8: 3 | G8: 8.44 | H8: 262.79479 | I8: 578.97468 | J8: 2913.0997 | K8: 5262.3358 | L8: 10019 | M8: =L8-J8 -> 7105.9003 | N8: 240
A9: B14 | B9: 4 | C9: Control | D9: 0-10 | E9: B | F9: 3 | G9: 11.32 | H9: 245.24038 | I9: 562.58653 | J9: 2849.8281 | K9: 4918.378 | L9: 10019 | M9: =L9-J9 -> 7169.1719 | N9: 240
A10: B17 | B10: 5 | C10: Control | D10: 0-10 | E10: A | F10: 3 | G10: 6.68 | H10: 283.55998 | I10: 671.85191 | J10: 3664.6789 | K10: 6670.6371 | L10: 10019 | M10: =L10-J10 -> 6354.3211 | N10: 240
A11: B18 | B11: 5 | C11: Control | D11: 0-10 | E11: B | F11: 3 | G11: 9.54 | H11: 291.61787 | I11: 690.80295 | J11: 3755.4973 | K11: 6841.6012 | L11: 10019 | M11: =L11-J11 -> 6263.5027 | N11: 240
A12: B21 | B12: 6 | C12: Control | D12: 0-10 | E12: A | F12: 3 | G12: 8.25 | H12: 285.66387 | I12: 1459.1892 | J12: 10353.575 | K12: 17046.685 | L12: 10019 | M12: =L12-J12 -> -334.57469 | N12: 240
A13: B22 | B13: 6 | C13: Control | D13: 0-10 | E13: B | F13: 3 | G13: 10.89 | H13: 276.25737 | I13: 1544.8062 | J13: 10992.065 | K13: 18343.247 | L13: 10019 | M13: =L13-J13 -> -973.06485 | N13: 240
A14: B25 | B14: 1 | C14: Control | D14: 10-30 | E14: A | F14: 3 | G14: 4.73 | H14: 240.0392 | I14: 512.6125 | J14: 1778.4839 | K14: 2735.207 | L14: 10019 | M14: =L14-J14 -> 8240.5161 | N14: 240
... A49: B94 | B49: 6 | C49: Heated | D49: 10-30 | E49: B | F49: 3 | G49: 3.37 | H49: 330.41009 | I49: 674.60884 | J49: 2438.8745 | K49: 4000.3313 | L49: 10019 | M49: =L49-J49 -> 7580.1255 | N49: 240

Sheet yields
A1: Sample ID | B1: PP | C1: Treatment | D1: Depth ( cm) | E1: PP_trt_d | F1: Replicate | G1: CO2 after 14 Days_ GC (ppm) | H1: volume (mL) | I1: yield_mgC | L1: Row Labels | M1: Sum of yield_mgC | O1: Row Labels | P1: Sum of CO2 after 14 Days_ GC (ppm)
A2: B1 | B2: 1 | C2: Control | D2: 0-10 | E2: =B2&"_"&C2&"_"&D2 -> 1_Control_0-10 | F2: A | G2: 7750.8148 | H2: 240 | I2: =G2*tools!$E$2*tools!$E$3*H2*tools!$E$6*10^-5 -> 0.76185483 | L2: 1_Control_0-10 | M2: 1.5012053 | O2: 1_Control_0-10 | P2: 15272.679 | R2: 1_Control_0-10 | S2: 15272.679
A3: B2 | B3: 1 | C3: Control | D3: 0-10 | E3: =B3&"_"&C3&"_"&D3 -> 1_Control_0-10 | F3: B | G3: 7521.8642 | H3: 240 | I3: =G3*tools!$E$2*tools!$E$3*H3*tools!$E$6*10^-5 -> 0.73935048 | L3: 1_Control_10-30 | M3: 0.63599899 | O3: 1_Control_10-30 | P3: 6470.4064 | R3: 1_Control_10-30 | S3: 6470.4064
A4: B5 | B4: 2 | C4: Control | D4: 0-10 | E4: =B4&"_"&C4&"_"&D4 -> 2_Control_0-10 | F4: A | G4: 5620.3585 | H4: 240 | I4: =G4*tools!$E$2*tools!$E$3*H4*tools!$E$6*10^-5 -> 0.55244479 | L4: 1_Heated_0-10 | M4: 2.3157807 | O4: 1_Heated_0-10 | P4: 23559.852 | R4: 1_Heated_0-10 | S4: 23559.852
A5: B6 | B5: 2 | C5: Control | D5: 0-10 | E5: =B5&"_"&C5&"_"&D5 -> 2_Control_0-10 | F5: B | G5: 5624.8571 | H5: 240 | I5: =G5*tools!$E$2*tools!$E$3*H5*tools!$E$6*10^-5 -> 0.55288698 | L5: 1_Heated_10-30 | M5: 1.2514171 | O5: 1_Heated_10-30 | P5: 12731.431 | R5: 1_Heated_10-30 | S5: 12731.431
A6: B9 | B6: 3 | C6: Control | D6: 0-10 | E6: =B6&"_"&C6&"_"&D6 -> 3_Control_0-10 | F6: A | G6: 3450.8758 | H6: 240 | I6: =G6*tools!$E$2*tools!$E$3*H6*tools!$E$6*10^-5 -> 0.33919871 | L6: 2_Control_0-10 | M6: 1.1053318 | O6: 2_Control_0-10 | P6: 11245.216 | R6: 2_Control_0-10 | S6: 11245.216
A7: B10 | B7: 3 | C7: Control | D7: 0-10 | E7: =B7&"_"&C7&"_"&D7 -> 3_Control_0-10 | F7: B | G7: 2918.4228 | H7: 240 | I7: =G7*tools!$E$2*tools!$E$3*H7*tools!$E$6*10^-5 -> 0.28686204 | L7: 2_Control_10-30 | M7: 0.5375482 | O7: 2_Control_10-30 | P7: 5468.8064 | R7: 2_Control_10-30 | S7: 5468.8064
A8: B13 | B8: 4 | C8: Control | D8: 0-10 | E8: =B8&"_"&C8&"_"&D8 -> 4_Control_0-10 | F8: A | G8: 5262.3358 | H8: 240 | I8: =G8*tools!$E$2*tools!$E$3*H8*tools!$E$6*10^-5 -> 0.51725349 | L8: 2_Heated_0-10 | M8: 1.9149455 | O8: 2_Heated_0-10 | P8: 19481.911 | R8: 2_Heated_0-10 | S8: 19481.911
A9: B14 | B9: 4 | C9: Control | D9: 0-10 | E9: =B9&"_"&C9&"_"&D9 -> 4_Control_0-10 | F9: B | G9: 4918.378 | H9: 240 | I9: =G9*tools!$E$2*tools!$E$3*H9*tools!$E$6*10^-5 -> 0.48344466 | L9: 2_Heated_10-30 | M9: 0.73430422 | O9: 2_Heated_10-30 | P9: 7470.5256 | R9: 2_Heated_10-30 | S9: 7470.5256
A10: B17 | B10: 5 | C10: Control | D10: 0-10 | E10: =B10&"_"&C10&"_"&D10 -> 5_Control_0-10 | F10: A | G10: 6670.6371 | H10: 240 | I10: =G10*tools!$E$2*tools!$E$3*H10*tools!$E$6*10^-5 -> 0.65568037 | L10: 3_Control_0-10 | M10: 0.62606075 | O10: 3_Control_0-10 | P10: 6369.2986 | R10: 3_Control_0-10 | S10: 6369.2986
A11: B18 | B11: 5 | C11: Control | D11: 0-10 | E11: =B11&"_"&C11&"_"&D11 -> 5_Control_0-10 | F11: B | G11: 6841.6012 | H11: 240 | I11: =G11*tools!$E$2*tools!$E$3*H11*tools!$E$6*10^-5 -> 0.67248504 | L11: 3_Control_10-30 | M11: 0.3071642 | O11: 3_Control_10-30 | P11: 3124.9691 | R11: 3_Control_10-30 | S11: 3124.9691
A12: B21 | B12: 6 | C12: Control | D12: 0-10 | E12: =B12&"_"&C12&"_"&D12 -> 6_Control_0-10 | F12: A | G12: 17046.685 | H12: 240 | I12: =G12*tools!$E$2*tools!$E$3*H12*tools!$E$6*10^-5 -> 1.6755785 | L12: 3_Heated_0-10 | M12: 1.0557706 | O12: 3_Heated_0-10 | P12: 10740.999 | R12: 3_Heated_0-10 | S12: 10740.999
A13: B22 | B13: 6 | C13: Control | D13: 0-10 | E13: =B13&"_"&C13&"_"&D13 -> 6_Control_0-10 | F13: B | G13: 18343.247 | H13: 240 | I13: =G13*tools!$E$2*tools!$E$3*H13*tools!$E$6*10^-5 -> 1.8030223 | L13: 3_Heated_10-30 | M13: 0.61990062 | O13: 3_Heated_10-30 | P13: 6306.6279 | R13: 3_Heated_10-30 | S13: 6306.6279
... A25: B46 | B25: 6 | C25: Control | D25: 10-30 | E25: =B25&"_"&C25&"_"&D25 -> 6_Control_10-30 | F25: B | G25: 8440.8601 | H25: 240 | I25: =G25*tools!$E$2*tools!$E$3*H25*tools!$E$6*10^-5 -> 0.82968181 | L25: 6_Heated_10-30 | M25: 0.80243463 | O25: 6_Heated_10-30 | P25: 8163.6578 | R25: 6_Heated_10-30 | S25: 8163.6578
A26: B49 | B26: 1 | C26: Heated | D26: 0-10 | E26: =B26&"_"&C26&"_"&D26 -> 1_Heated_0-10 | F26: A | G26: 11261.099 | H26: 240 | I26: =G26*tools!$E$2*tools!$E$3*H26*tools!$E$6*10^-5 -> 1.106893 | L26: Grand Total | M26: 30.579983 | O26: (blank)
A27: B50 | B27: 1 | C27: Heated | D27: 0-10 | E27: =B27&"_"&C27&"_"&D27 -> 1_Heated_0-10 | F27: B | G27: 12298.753 | H27: 240 | I27: =G27*tools!$E$2*tools!$E$3*H27*tools!$E$6*10^-5 -> 1.2088876 | O27: Grand Total | P27: 311108.86
A28: B53 | B28: 2 | C28: Heated | D28: 0-10 | E28: =B28&"_"&C28&"_"&D28 -> 2_Heated_0-10 | F28: A | G28: 9165.9783 | H28: 240 | I28: =G28*tools!$E$2*tools!$E$3*H28*tools!$E$6*10^-5 -> 0.90095623
A29: B54 | B29: 2 | C29: Heated | D29: 0-10 | E29: =B29&"_"&C29&"_"&D29 -> 2_Heated_0-10 | F29: B | G29: 10315.932 | H29: 240 | I29: =G29*tools!$E$2*tools!$E$3*H29*tools!$E$6*10^-5 -> 1.0139893
A30: B57 | B30: 3 | C30: Heated | D30: 0-10 | E30: =B30&"_"&C30&"_"&D30 -> 3_Heated_0-10 | F30: A | G30: 5626.7021 | H30: 240 | I30: =G30*tools!$E$2*tools!$E$3*H30*tools!$E$6*10^-5 -> 0.55306833
A31: B58 | B31: 3 | C31: Heated | D31: 0-10 | E31: =B31&"_"&C31&"_"&D31 -> 3_Heated_0-10 | F31: B | G31: 5114.2971 | H31: 240 | I31: =G31*tools!$E$2*tools!$E$3*H31*tools!$E$6*10^-5 -> 0.50270224
A32: B61 | B32: 4 | C32: Heated | D32: 0-10 | E32: =B32&"_"&C32&"_"&D32 -> 4_Heated_0-10 | F32: A | G32: 9868.5811 | H32: 240 | I32: =G32*tools!$E$2*tools!$E$3*H32*tools!$E$6*10^-5 -> 0.97001753
A33: B62 | B33: 4 | C33: Heated | D33: 0-10 | E33: =B33&"_"&C33&"_"&D33 -> 4_Heated_0-10 | F33: B | G33: 8900.9723 | H33: 240 | I33: =G33*tools!$E$2*tools!$E$3*H33*tools!$E$6*10^-5 -> 0.87490785
A34: B65 | B34: 5 | C34: Heated | D34: 0-10 | E34: =B34&"_"&C34&"_"&D34 -> 5_Heated_0-10 | F34: A | G34: 13206.896 | H34: 240 | I34: =G34*tools!$E$2*tools!$E$3*H34*tools!$E$6*10^-5 -> 1.2981522
A35: B66 | B35: 5 | C35: Heated | D35: 0-10 | E35: =B35&"_"&C35&"_"&D35 -> 5_Heated_0-10 | F35: B | G35: 15636.127 | H35: 240 | I35: =G35*tools!$E$2*tools!$E$3*H35*tools!$E$6*10^-5 -> 1.5369299
A36: B69 | B36: 6 | C36: Heated | D36: 0-10 | E36: =B36&"_"&C36&"_"&D36 -> 6_Heated_0-10 | F36: A | G36: 8870.3016 | H36: 240 | I36: =G36*tools!$E$2*tools!$E$3*H36*tools!$E$6*10^-5 -> 0.87189313
A37: B70 | B37: 6 | C37: Heated | D37: 0-10 | E37: =B37&"_"&C37&"_"&D37 -> 6_Heated_0-10 | F37: B | G37: 11610.275 | H37: 240 | I37: =G37*tools!$E$2*tools!$E$3*H37*tools!$E$6*10^-5 -> 1.1412147
A38: B73 | B38: 1 | C38: Heated | D38: 10-30 | E38: =B38&"_"&C38&"_"&D38 -> 1_Heated_10-30 | F38: A | G38: 5999.2573 | H38: 240 | I38: =G38*tools!$E$2*tools!$E$3*H38*tools!$E$6*10^-5 -> 0.58968809
A39: B74 | B39: 1 | C39: Heated | D39: 10-30 | E39: =B39&"_"&C39&"_"&D39 -> 1_Heated_10-30 | F39: B | G39: 6732.1732 | H39: 240 | I39: =G39*tools!$E$2*tools!$E$3*H39*tools!$E$6*10^-5 -> 0.66172897
... A49: B94 | B49: 6 | C49: Heated | D49: 10-30 | E49: =B49&"_"&C49&"_"&D49 -> 6_Heated_10-30 | F49: B | G49: 4000.3313 | H49: 240 | I49: =G49*tools!$E$2*tools!$E$3*H49*tools!$E$6*10^-5 -> 0.39320662

Sheet tools
A1: element | B1: atomic.mass | D1: variable | E1: value | F1: units
A2: C | B2: 12 | D2: gas constant (R) | E2: 0.0821 | F2: atm L mol-1 K-1
A3: O | B3: 16 | D3: mole fraction C | E3: =B2/B4 -> 0.27272727
A4: CO2 | B4: =B3*2+B2 -> 44 | D4: ppm | E4: =1/10^6 -> 1e-06
D5: moles gas @ 20C, 1 atm, 1L | E5: =1/(E2*293) -> 0.04157088 | F5: mol L-1
D6: pure CO2 | E6: =E5*B4 -> 1.8291187 | F6: g L-1
A8: gas law | B8: PV=nRT
